Underlying,Strike,IV,TTM,RF,DivRate
95.16616636013892,95.70057841362237,0.23,150,0.045,0.0452391520477449
