RF,Expected_Value_1,Expected_Value_2,Expected_Value_3
0.045,0.13637158484904496,0.13975329644818463,0.14921329719790177
