weight1,weight2,weight3
0.4322651793059677,0.1554924908170974,0.4122423298769349
