Asset1,Asset2,Asset3
0.03192089876321455,0.029130031418326388,0.03203832199381414
0.029130031418326385,0.03432744270509267,0.033224077557564596
0.03203832199381414,0.033224077557564596,0.04152398911915921
